{"snn_mAP": 0.41008173568974204, "mean_firing_ratio": 0.039564713836771535, "firing_ratios": [0.030053398883728513, 0.05879120850974697, 0.03601465389352165, 0.06674555724152696, 0.03576634585539929, 0.0503579861573237, 0.03550170563230583, 0.038352295763486685, 0.02596153197633268, 0.03316445983998983, 0.030851360235170662, 0.042854696264722186, 0.030270920299453982, 0.035800168440438, 0.05349120257425337, 0.035191629854556, 0.029038232179081764, 0.04395749546084944]}